{
  "confusion_matrix": [
    [
      12,
      9
    ],
    [
      6,
      41
    ]
  ],
  "accuracy": 0.7794117647058824,
  "precision": 0.82,
  "recall": 0.8723404255319149,
  "specificity": 0.5714285714285714,
  "f1_score": 0.8453608247422681,
  "y_pred": [
    [
      1
    ],
    [
      1
    ],
    [
      0
    ],
    [
      1
    ],
    [
      0
    ],
    [
      1
    ],
    [
      0
    ],
    [
      1
    ],
    [
      1
    ],
    [
      0
    ],
    [
      1
    ],
    [
      0
    ],
    [
      1
    ],
    [
      1
    ],
    [
      1
    ],
    [
      1
    ],
    [
      1
    ],
    [
      1
    ],
    [
      1
    ],
    [
      1
    ],
    [
      1
    ],
    [
      1
    ],
    [
      1
    ],
    [
      1
    ],
    [
      1
    ],
    [
      1
    ],
    [
      1
    ],
    [
      1
    ],
    [
      1
    ],
    [
      0
    ],
    [
      1
    ],
    [
      1
    ],
    [
      1
    ],
    [
      1
    ],
    [
      1
    ],
    [
      1
    ],
    [
      1
    ],
    [
      1
    ],
    [
      1
    ],
    [
      0
    ],
    [
      1
    ],
    [
      0
    ],
    [
      1
    ],
    [
      0
    ],
    [
      1
    ],
    [
      1
    ],
    [
      0
    ],
    [
      1
    ],
    [
      0
    ],
    [
      1
    ],
    [
      1
    ],
    [
      0
    ],
    [
      0
    ],
    [
      1
    ],
    [
      0
    ],
    [
      0
    ],
    [
      1
    ],
    [
      0
    ],
    [
      1
    ],
    [
      1
    ],
    [
      1
    ],
    [
      1
    ],
    [
      1
    ],
    [
      0
    ],
    [
      1
    ],
    [
      1
    ],
    [
      0
    ],
    [
      1
    ]
  ],
  "y_pred_proba": [
    0.9983943104743958,
    0.9971153140068054,
    0.4309331178665161,
    0.9497092962265015,
    0.44383704662323,
    0.9665353894233704,
    0.388441264629364,
    0.6906300783157349,
    0.7786093354225159,
    0.17013029754161835,
    0.8192426562309265,
    0.4405474364757538,
    0.7751805782318115,
    0.5833673477172852,
    0.6125695705413818,
    0.8019399642944336,
    0.5797829031944275,
    0.6085842847824097,
    0.8166822791099548,
    0.8306300640106201,
    0.8250608444213867,
    0.9067045450210571,
    0.9936327934265137,
    0.9186024069786072,
    0.6102977991104126,
    0.6844525337219238,
    0.5456184148788452,
    0.8321195840835571,
    0.9617277383804321,
    0.4264635741710663,
    0.647497296333313,
    0.7724153399467468,
    0.9773944020271301,
    0.7357046604156494,
    0.8818749189376831,
    0.9429919719696045,
    0.6241817474365234,
    0.7858937978744507,
    0.9388841986656189,
    0.28013816475868225,
    0.5245411992073059,
    0.11887433379888535,
    0.6296806335449219,
    0.3200491964817047,
    0.8890514373779297,
    0.9569074511528015,
    0.48942694067955017,
    0.5307925939559937,
    0.35077962279319763,
    0.6762447357177734,
    0.9255557060241699,
    0.08321806788444519,
    0.3708455264568329,
    0.9175260663032532,
    0.14539872109889984,
    0.3876844346523285,
    0.8410195708274841,
    0.346403032541275,
    0.6840851306915283,
    0.5477842092514038,
    0.9203364849090576,
    0.9144353270530701,
    0.6206724643707275,
    0.4138069748878479,
    0.8677252531051636,
    0.816594123840332,
    0.4487170875072479,
    0.5267699956893921
  ],
  "classification_report": {
    "Binh thuong (0)": {
      "precision": 0.6666666666666666,
      "recall": 0.5714285714285714,
      "f1-score": 0.6153846153846154,
      "support": 21.0
    },
    "Bat thuong (1)": {
      "precision": 0.82,
      "recall": 0.8723404255319149,
      "f1-score": 0.845360824742268,
      "support": 47.0
    },
    "accuracy": 0.7794117647058824,
    "macro avg": {
      "precision": 0.7433333333333333,
      "recall": 0.7218844984802432,
      "f1-score": 0.7303727200634418,
      "support": 68.0
    },
    "weighted avg": {
      "precision": 0.7726470588235294,
      "recall": 0.7794117647058824,
      "f1-score": 0.7743387600876989,
      "support": 68.0
    }
  }
}