{
  "confusion_matrix": [
    [
      18,
      3
    ],
    [
      1,
      46
    ]
  ],
  "accuracy": 0.9411764705882353,
  "precision": 0.9387755102040817,
  "recall": 0.9787234042553191,
  "f1_score": 0.9583333333333333
}